,date,open,close
0,2015-12-01,10447.05957,10519.58984
0,2015-12-02,10501.09961,10389.2002
0,2015-12-03,10415.55957,10257.37988
0,2015-12-04,10266.5,10408.86035
0,2015-12-07,10408.86035,10304.53027
0,2015-12-08,10214.29004,10198.37012
0,2015-12-09,10191.34961,10162.37012
0,2015-12-10,10165.45996,10172.04004
0,2015-12-11,10074.08008,9976.650391
0,2015-12-14,9977.820313,9986.759766
0,2015-12-15,10057.33008,10110.94043
0,2015-12-16,10164.83984,10267.83008
0,2015-12-17,10267.83008,10112.62988
0,2015-12-18,10072.98047,9967.639648
0,2015-12-21,10017.12988,10023.03027
0,2015-12-22,10052.33984,10112.40039
0,2015-12-23,10180.62012,10276.28027
0,2015-12-24,10266.05957,10258.54981
0,2015-12-28,10225.99023,10217.40039
0,2015-12-29,10270.37988,10306.59961
0,2015-12-30,10277.53027,10225.83008
0,2015-12-31,10186.44043,10143.41992
0,2016-01-04,10020.04981,10001.55957
0,2016-01-05,10007.00977,10028.05957
0,2016-01-06,9907.370117,9868.259766
0,2016-01-07,9751.349609,9650.419922
0,2016-01-08,9692.799805,9528.769531
0,2016-01-11,9575.179688,9527.660156
0,2016-01-12,9591.30957,9576.519531
0,2016-01-13,9619.009766,9374.230469
0,2016-01-14,9405.429688,9516.549805
0,2016-01-15,9387.540039,9299.629883
0,2016-01-19,9378.860352,9301.740234
0,2016-01-20,9214.94043,9156.839844
0,2016-01-21,9164.169922,9226.570313
0,2016-01-22,9343.129883,9426.910156
0,2016-01-25,9393.540039,9262.990234
0,2016-01-26,9295.339844,9429.110352
0,2016-01-27,9403.870117,9373.780273
0,2016-01-28,9374.839844,9397.790039
0,2016-01-29,9439.339844,9632.700195
0,2016-02-01,9578.919922,9616.69043
0,2016-02-02,9532.990234,9413.780273
0,2016-02-03,9471.790039,9495.209961
0,2016-02-04,9484.129883,9534.299805
0,2016-02-05,9499.530273,9390.330078
0,2016-02-08,9294.879883,9231.330078
0,2016-02-09,9131.980469,9187.790039
0,2016-02-10,9221.839844,9176.719727
0,2016-02-11,9092.910156,9029.879883
0,2016-02-12,9092.870117,9229.679688
0,2016-02-16,9317.94043,9375.389648
0,2016-02-17,9426.759766,9532.280273
0,2016-02-18,9532.860352,9504.980469
0,2016-02-19,9465.179688,9485.959961
0,2016-02-22,9485.769531,9616.320313
0,2016-02-23,9582.759766,9494.320313
0,2016-02-24,9411.269531,9506.070313
0,2016-02-25,9534.740234,9625.269531
0,2016-02-26,9668.259766,9619.790039
0,2016-02-29,9615.169922,9559.530273
0,2016-03-01,9626.879883,9771.0
0,2016-03-02,9746.419922,9837.589844
0,2016-03-03,9828.30957,9907.969727
0,2016-03-04,9929.330078,9968.410156
0,2016-03-07,9922.379883,10006.19043
0,2016-03-08,9952.230469,9868.519531
0,2016-03-09,9906.839844,9924.80957
0,2016-03-10,9954.160156,9918.070313
0,2016-03-11,9988.290039,10104.19043
0,2016-03-14,10073.33008,10074.26953
0,2016-03-15,10005.58984,10013.59961
0,2016-03-16,9986.480469,10084.16992
0,2016-03-17,10101.65039,10190.40039
0,2016-03-18,10216.59961,10223.42969
0,2016-03-21,10204.7002,10219.69043
0,2016-03-22,10169.90039,10194.2002
0,2016-03-23,10171.37988,10099.67969
0,2016-03-24,10032.88965,10086.59961
0,2016-03-28,10105.12012,10106.44043
0,2016-03-29,10071.41992,10190.41016
0,2016-03-30,10245.92969,10236.9502
0,2016-03-31,10236.79981,10207.37012
0,2016-04-01,10132.58008,10219.95996
0,2016-04-04,10227.12012,10183.0
0,2016-04-05,10104.76953,10061.08008
0,2016-04-06,10062.83984,10159.84961
0,2016-04-07,10112.98047,10045.15039
0,2016-04-08,10108.70996,10119.69043
0,2016-04-11,10154.08008,10114.58008
0,2016-04-12,10114.58008,10238.69043
0,2016-04-13,10271.66016,10359.50977
0,2016-04-14,10359.19043,10360.24023
0,2016-04-15,10359.58008,10355.57031
0,2016-04-18,10315.65039,10424.92969
0,2016-04-19,10463.63965,10517.29981
0,2016-04-20,10517.05957,10527.79004
0,2016-04-21,10524.48047,10454.82031
0,2016-04-22,10464.2002,10511.0
0,2016-04-25,10487.83008,10465.65039
0,2016-04-26,10492.57031,10522.58008
0,2016-04-27,10528.48047,10571.83008
0,2016-04-28,10521.16992,10480.4502
0,2016-04-29,10480.21973,10436.91992
0,2016-05-02,10450.12988,10496.33008
0,2016-05-03,10432.24023,10365.83008
0,2016-05-04,10302.67969,10286.24023
0,2016-05-05,10303.04004,10281.32031
0,2016-05-06,10280.99023,10308.83008
0,2016-05-09,10300.66016,10291.58984
0,2016-05-10,10323.26953,10424.11035
0,2016-05-11,10391.92969,10332.24023
0,2016-05-12,10375.87988,10334.37988
0,2016-05-13,10305.84961,10228.05957
0,2016-05-16,10243.2002,10332.46973
0,2016-05-17,10312.69043,10257.61035
0,2016-05-18,10229.96973,10239.65039
0,2016-05-19,10189.76953,10192.48047
0,2016-05-20,10224.75,10250.49023
0,2016-05-23,10237.99023,10226.55957
0,2016-05-24,10275.79004,10353.55957
0,2016-05-25,10399.12012,10446.58008
0,2016-05-26,10462.28027,10439.61035
0,2016-05-27,10437.96973,10469.51953
0,2016-05-31,10479.87988,10441.0
0,2016-06-01,10385.92969,10454.92969
0,2016-06-02,10424.67969,10487.58008
0,2016-06-03,10477.78027,10487.94043
0,2016-06-06,10508.5,10554.82031
0,2016-06-07,10554.58984,10599.21973
0,2016-06-08,10620.19043,10638.36035
0,2016-06-09,10581.21973,10589.82031
0,2016-06-10,10501.57031,10446.09961
0,2016-06-13,10400.15039,10349.16992
0,2016-06-14,10310.07031,10294.58984
0,2016-06-15,10294.67969,10297.16016
0,2016-06-16,10237.92969,10322.83984
0,2016-06-17,10343.61035,10347.94043
0,2016-06-20,10456.91992,10450.03027
0,2016-06-21,10481.16016,10490.78027
0,2016-06-22,10507.94043,10473.05957
0,2016-06-23,10573.46973,10641.16992
0,2016-06-24,10335.91992,10183.50977
0,2016-06-27,10084.48047,9973.540039
0,2016-06-28,10073.15039,10161.16016
0,2016-06-29,10254.86035,10350.53027
0,2016-06-30,10374.57031,10489.75977
0,2016-07-01,10495.08008,10515.75977
0,2016-07-05,10452.48047,10409.54004
0,2016-07-06,10356.21973,10441.58008
0,2016-07-07,10461.13965,10413.96973
0,2016-07-08,10414.80957,10571.78027
0,2016-07-11,10606.03027,10627.2002
0,2016-07-12,10685.57031,10726.79004
0,2016-07-13,10743.2002,10734.2002
0,2016-07-14,10806.20996,10786.62988
0,2016-07-15,10808.88965,10773.12012
0,2016-07-18,10773.11035,10793.16992
0,2016-07-19,10754.54004,10758.54004
0,2016-07-20,10758.59961,10793.09961
0,2016-07-21,10784.67969,10758.62012
0,2016-07-22,10764.26953,10805.04004
0,2016-07-25,10787.57031,10752.42969
0,2016-07-26,10754.94043,10772.99023
0,2016-07-27,10782.32031,10739.76953
0,2016-07-28,10727.87012,10744.16016
0,2016-07-29,10734.07031,10785.50977
0,2016-08-01,10768.75,10730.2002
0,2016-08-02,10729.11035,10661.12988
0,2016-08-03,10660.91016,10695.13965
0,2016-08-04,10697.23047,10707.12988
0,2016-08-05,10731.82031,10782.87012
0,2016-08-08,10789.84961,10788.00977
0,2016-08-09,10797.37012,10804.50977
0,2016-08-10,10812.32031,10774.98047
0,2016-08-11,10775.05957,10836.15039
0,2016-08-12,10827.87012,10822.41016
0,2016-08-15,10838.33984,10858.5
0,2016-08-16,10843.41016,10809.74023
0,2016-08-17,10803.67969,10824.63965
0,2016-08-18,10823.79004,10863.00977
0,2016-08-19,10822.50977,10829.15039
0,2016-08-22,10798.09961,10815.91992
0,2016-08-23,10857.94043,10847.49023
0,2016-08-24,10845.16992,10791.17969
0,2016-08-25,10780.73047,10784.37012
0,2016-08-26,10808.40039,10749.33008
0,2016-08-29,10753.4502,10811.34961
0,2016-08-30,10817.33984,10797.54004
0,2016-08-31,10780.20996,10764.75
0,2016-09-01,10762.4502,10771.92969
0,2016-09-02,10830.54981,10856.91992
0,2016-09-06,10879.63965,10890.79004
0,2016-09-07,10886.50977,10890.17969
0,2016-09-08,10879.96973,10882.33008
0,2016-09-09,10799.12988,10613.53027
0,2016-09-12,10563.73047,10741.24023
0,2016-09-13,10644.46973,10535.36035
0,2016-09-14,10533.7002,10511.40039
0,2016-09-15,10501.32031,10602.94043
0,2016-09-16,10554.09961,10532.26953
0,2016-09-19,10533.41992,10564.29981
0,2016-09-20,10608.55957,10560.25
0,2016-09-21,10605.09961,10708.37012
0,2016-09-22,10769.37988,10793.66016
0,2016-09-23,10793.66016,10717.99023
0,2016-09-26,10675.25,10624.87988
0,2016-09-27,10600.15039,10665.33984
0,2016-09-28,10665.58008,10753.4502
0,2016-09-29,10742.08008,10643.51953
0,2016-09-30,10679.07031,10721.74023
0,2016-10-03,10721.84961,10690.76953
0,2016-10-04,10705.86035,10629.15039
0,2016-10-05,10666.41016,10683.94043
0,2016-10-06,10664.54004,10675.74023
0,2016-10-07,10680.46973,10626.91992
0,2016-10-10,10671.21973,10682.66992
0,2016-10-11,10656.21973,10548.0
0,2016-10-12,10546.00977,10560.26953
0,2016-10-13,10487.61035,10522.94043
0,2016-10-14,10579.76953,10521.29981
0,2016-10-17,10516.29981,10492.86035
0,2016-10-18,10578.88965,10567.80957
0,2016-10-19,10580.4502,10600.91992
0,2016-10-20,10587.83008,10597.36035
0,2016-10-21,10545.12012,10571.87988
0,2016-10-24,10610.58008,10591.29981
0,2016-10-25,10575.19043,10550.19043
0,2016-10-26,10505.99023,10528.19043
0,2016-10-27,10561.54004,10503.05957
0,2016-10-28,10495.30957,10476.62012
0,2016-10-31,10476.91992,10481.88965
0,2016-11-01,10508.00977,10414.04981
0,2016-11-02,10389.9502,10334.5
0,2016-11-03,10350.61035,10307.63965
0,2016-11-04,10308.30957,10289.34961
0,2016-11-07,10416.33984,10500.16016
0,2016-11-08,10462.83984,10530.55957
0,2016-11-09,10477.79004,10643.41016
0,2016-11-10,10678.96973,10683.41016
0,2016-11-11,10644.55957,10652.24023
0,2016-11-14,10660.4502,10679.76953
0,2016-11-15,10680.41992,10745.50977
0,2016-11-16,10705.46973,10699.42969
0,2016-11-17,10717.87988,10740.08008
0,2016-11-18,10725.33984,10709.50977
0,2016-11-21,10753.25,10791.83984
0,2016-11-22,10793.33984,10820.17969
0,2016-11-23,10772.61035,10835.90039
0,2016-11-25,10854.69043,10878.08984
0,2016-11-28,10857.46973,10808.62988
0,2016-11-29,10798.91992,10817.7002
0,2016-11-30,10872.37988,10838.45996
0,2016-12-01,10860.41992,10828.99023
0,2016-12-02,10828.99023,10838.58008
0,2016-12-05,10890.15039,10910.90039
0,2016-12-06,10923.58008,10970.78027
0,2016-12-07,10977.41016,11114.61035
0,2016-12-08,11114.32031,11149.95996
0,2016-12-09,11153.09961,11191.79004
0,2016-12-12,11200.19043,11177.28027
0,2016-12-13,11216.83008,11237.16992
0,2016-12-14,11214.03027,11098.66992
0,2016-12-15,11087.12988,11131.88965
0,2016-12-16,11152.20996,11125.21973
0,2016-12-19,11127.0,11128.54004
0,2016-12-20,11145.29004,11172.19043
0,2016-12-21,11170.41016,11142.57031
0,2016-12-22,11127.78027,11114.13965
0,2016-12-23,11111.5,11128.79981
0,2016-12-27,11601.29004,11146.40039
0,2016-12-28,11148.32031,11058.87988
0,2016-12-29,11071.11035,11074.33008
0,2016-12-30,11094.80957,11056.90039
0,2017-01-03,11138.84961,11154.34961
0,2017-01-04,11186.78027,11246.54004
0,2017-01-05,11243.12012,11247.69043
0,2017-01-06,11235.44043,11237.62012
0,2017-01-09,11209.70996,11169.79004
0,2017-01-10,11181.74023,11183.33008
0,2017-01-11,11181.92969,11226.78027
0,2017-01-12,11213.90039,11204.15039
0,2017-01-13,11218.04981,11227.16992
0,2017-01-17,11209.71973,11196.29004
0,2017-01-18,11187.33008,11196.09961
0,2017-01-19,11195.83008,11148.84961
0,2017-01-20,11175.51953,11192.79004
0,2017-01-23,11178.42969,11170.62012
0,2017-01-24,11183.55957,11249.28027
0,2017-01-25,11297.42969,11339.04981
0,2017-01-26,11335.71973,11313.12012
0,2017-01-27,11311.33008,11283.19043
0,2017-01-30,11228.36035,11205.24023
0,2017-01-31,11195.51953,11222.95996
0,2017-02-01,11244.82031,11207.24023
0,2017-02-02,11196.12988,11215.38965
0,2017-02-03,11268.01953,11310.74023
0,2017-02-06,11278.41016,11264.11035
0,2017-02-07,11271.75,11243.37988
0,2017-02-08,11222.08008,11251.79981
0,2017-02-09,11274.37988,11327.67969
0,2017-02-10,11347.92969,11377.71973
0,2017-02-13,11378.11035,11433.92969
0,2017-02-14,11419.11035,11468.87012
0,2017-02-15,11469.09961,11514.40039
0,2017-02-16,11519.32031,11504.19043
0,2017-02-17,11468.00977,11510.91016
0,2017-02-21,11517.94043,11578.25
0,2017-02-22,11544.16992,11550.17969
0,2017-02-23,11586.95996,11556.15039
0,2017-02-24,11556.15039,11541.29004
0,2017-02-27,11531.38965,11558.34961
0,2017-02-28,11528.91016,11512.38965
0,2017-03-01,11593.20996,11661.21973
0,2017-03-02,11633.63965,11575.91016
0,2017-03-03,11575.91992,11598.37012
0,2017-03-06,11556.62988,11547.79004
0,2017-03-07,11547.79004,11506.32031
0,2017-03-08,11511.83984,11448.20996
0,2017-03-09,11454.58984,11457.63965
0,2017-03-10,11510.94043,11500.75977
0,2017-03-13,11507.19043,11519.44043
0,2017-03-14,11479.03027,11459.29004
0,2017-03-15,11490.32031,11590.30957
0,2017-03-16,11619.05957,11600.24023
0,2017-03-17,11614.90039,11589.00977
0,2017-03-20,11582.71973,11556.92969
0,2017-03-21,11598.55957,11420.42969
0,2017-03-22,11406.59961,11426.69043
0,2017-03-23,11410.46973,11430.88965
0,2017-03-24,11440.91016,11418.88965
0,2017-03-27,11341.32031,11414.33008
0,2017-03-28,11403.70996,11493.83984
0,2017-03-29,11463.73047,11496.66992
0,2017-03-30,11494.86035,11519.83984
0,2017-03-31,11497.80957,11492.84961
0,2017-04-03,11495.33008,11463.91016
0,2017-04-04,11463.78027,11470.54004
0,2017-04-05,11501.62012,11423.36035
0,2017-04-06,11426.58008,11457.29004
0,2017-04-07,11444.29981,11445.58008
0,2017-04-10,11454.11035,11464.33984
0,2017-04-11,11456.20996,11473.62012
0,2017-04-12,11460.21973,11423.16992
0,2017-04-13,11390.75,11324.53027
0,2017-04-17,11351.66992,11427.08008
0,2017-04-18,11426.83008,11378.58008
0,2017-04-19,11401.99023,11342.41992
0,2017-04-20,11375.66016,11426.91016
0,2017-04-21,11419.49023,11389.12988
0,2017-04-24,11515.00977,11531.79004
0,2017-04-25,11573.66992,11603.28027
0,2017-04-26,11594.66992,11592.91016
0,2017-04-27,11601.33008,11578.51953
0,2017-04-28,11579.30957,11536.08008
0,2017-05-01,11550.41016,11536.49023
0,2017-05-02,11554.09961,11551.29981
0,2017-05-03,11527.88965,11529.66016
0,2017-05-04,11544.13965,11534.70996
0,2017-05-05,11554.08008,11615.61035
0,2017-05-08,11607.28027,11595.25977
0,2017-05-09,11602.41992,11567.51953
0,2017-05-10,11571.71973,11598.99023
0,2017-05-11,11572.0,11563.59961
0,2017-05-12,11551.36035,11547.04981
0,2017-05-15,11547.44043,11614.23047
0,2017-05-16,11635.0,11606.49023
0,2017-05-17,11522.96973,11423.53027
0,2017-05-18,11392.90039,11434.05957
0,2017-05-19,11475.00977,11542.69043
0,2017-05-22,11574.83008,11585.20996
0,2017-05-23,11602.37988,11604.62012
0,2017-05-24,11605.29004,11621.23047
0,2017-05-25,11641.36035,11639.29981
0,2017-05-26,11625.32031,11631.87012
0,2017-05-30,11607.0,11601.30957
0,2017-05-31,11610.88965,11598.03027
0,2017-06-01,11616.20996,11699.79004
0,2017-06-02,11702.12988,11718.7002
0,2017-06-05,11700.45996,11693.67969
0,2017-06-06,11661.94043,11671.45996
0,2017-06-07,11677.82031,11667.73047
0,2017-06-08,11664.51953,11678.9502
0,2017-06-09,11678.86035,11744.73047
0,2017-06-12,11749.34961,11746.45996
0,2017-06-13,11770.08984,11796.79004
0,2017-06-14,11810.87012,11779.80957
0,2017-06-15,11703.25,11740.51953
0,2017-06-16,11745.29981,11772.01953
0,2017-06-19,11801.83008,11833.33984
0,2017-06-20,11801.2002,11738.9502
0,2017-06-21,11742.48047,11696.28027
0,2017-06-22,11704.12012,11712.51953
0,2017-06-23,11716.58008,11733.2002
0,2017-06-26,11761.4502,11758.86035
0,2017-06-27,11765.79981,11716.91992
0,2017-06-28,11771.13965,11812.79981
0,2017-06-29,11835.5,11739.98047
0,2017-06-30,11777.62988,11761.7002
0,2017-07-03,11801.44043,11835.71973
0,2017-07-05,11826.25,11809.49023
0,2017-07-06,11766.12988,11702.42969
0,2017-07-07,11713.66016,11752.98047
0,2017-07-10,11744.24023,11751.79004
0,2017-07-11,11748.23047,11744.76953
0,2017-07-12,11794.42969,11825.90039
0,2017-07-13,11832.78027,11844.62012
0,2017-07-14,11844.03027,11897.30957
0,2017-07-17,11894.69043,11890.50977
0,2017-07-18,11878.76953,11877.41992
0,2017-07-19,11894.33984,11941.33984
0,2017-07-20,11956.26953,11944.49023
0,2017-07-21,11944.5,11924.59961
0,2017-07-24,11918.53027,11904.70996
0,2017-07-25,11973.05957,11965.71973
0,2017-07-26,11983.75,11964.91016
0,2017-07-27,11977.88965,11963.23047
0,2017-07-28,11950.59961,11954.69043
0,2017-07-31,11976.20996,11967.66992
0,2017-08-01,12006.74023,12000.01953
0,2017-08-02,11979.09961,11979.37012
0,2017-08-03,11968.48047,11956.51953
0,2017-08-04,11982.03027,11984.88965
0,2017-08-07,11983.71973,11987.76953
0,2017-08-08,11987.76953,11949.96973
0,2017-08-09,11906.62988,11929.45996
0,2017-08-10,11889.28027,11771.59961
0,2017-08-11,11754.40039,11763.21973
0,2017-08-14,11820.17969,11856.05957
0,2017-08-15,11861.17969,11843.48047
0,2017-08-16,11868.17969,11868.86035
0,2017-08-17,11839.91016,11712.71973
0,2017-08-18,11702.00977,11699.83008
0,2017-08-21,11700.11035,11719.26953
0,2017-08-22,11743.41016,11805.29004
0,2017-08-23,11770.65039,11785.91992
0,2017-08-24,11806.88965,11773.79981
0,2017-08-25,11804.87988,11812.03027
0,2017-08-28,11831.01953,11800.21973
0,2017-08-29,11733.79981,11791.87988
0,2017-08-30,11783.37988,11805.07031
0,2017-08-31,11833.87988,11875.69043
0,2017-09-01,11897.96973,11918.08008
0,2017-09-05,11894.92969,11827.15039
0,2017-09-06,11859.32031,11872.91992
0,2017-09-07,11896.79981,11879.61035
0,2017-09-08,11873.99023,11887.98047
0,2017-09-11,11943.46973,12010.26953
0,2017-09-12,12029.79004,12057.12012
0,2017-09-13,12049.71973,12055.17969
0,2017-09-14,12042.54004,12062.62012
0,2017-09-15,12065.33008,12080.13965
0,2017-09-18,12094.83008,12111.4502
0,2017-09-19,12126.23047,12131.73047
0,2017-09-20,12137.49023,12147.5
0,2017-09-21,12140.20996,12133.62988
0,2017-09-22,12134.4502,12151.79981
0,2017-09-25,12144.07031,12141.55957
0,2017-09-26,12142.05957,12127.91992
0,2017-09-27,12154.54981,12157.65039
0,2017-09-28,12147.61035,12179.30957
0,2017-09-29,12179.30957,12209.16016
0,2017-10-02,12209.16016,12264.66016
0,2017-10-03,12274.73047,12302.87988
0,2017-10-04,12298.11035,12304.66992
0,2017-10-05,12307.71973,12338.92969
0,2017-10-06,12314.61035,12317.69043
0,2017-10-09,12328.19043,12293.9502
0,2017-10-10,12329.65039,12346.58984
0,2017-10-11,12347.20996,12362.05957
0,2017-10-12,12342.15039,12338.74023
0,2017-10-13,12360.87012,12352.0
0,2017-10-16,12365.99023,12359.51953
0,2017-10-17,12355.21973,12349.96973
0,2017-10-18,12371.29981,12371.01953
0,2017-10-19,12336.15039,12380.32031
0,2017-10-20,12407.98047,12430.51953
0,2017-10-23,12436.75977,12384.41992
0,2017-10-24,12405.96973,12404.99023
0,2017-10-25,12406.2002,12336.58008
0,2017-10-26,12362.83984,12352.42969
0,2017-10-27,12339.65039,12366.42969
0,2017-10-30,12349.36035,12319.46973
0,2017-10-31,12333.82031,12341.00977
0,2017-11-01,12383.87012,12362.87988
0,2017-11-02,12359.29004,12372.95996
0,2017-11-03,12361.01953,12373.05957
0,2017-11-06,12373.07031,12400.92969
0,2017-11-07,12398.79004,12371.25
0,2017-11-08,12361.23047,12384.71973
0,2017-11-09,12326.32031,12339.66016
0,2017-11-10,12324.37988,12322.59961
0,2017-11-13,12281.19043,12316.82031
0,2017-11-14,12316.83008,12280.11035
0,2017-11-15,12222.08984,12220.33984
0,2017-11-16,12258.78027,12303.28027
0,2017-11-17,12281.28027,12302.88965
0,2017-11-20,12306.66016,12320.76953
0,2017-11-21,12352.57031,12385.88965
0,2017-11-22,12406.13965,12390.82031
0,2017-11-24,12423.7002,12421.92969
0,2017-11-27,12421.30957,12390.78027
0,2017-11-28,12412.15039,12520.23047
0,2017-11-29,12529.54981,12561.32031
0,2017-11-30,12596.34961,12627.79981
0,2017-12-01,12636.73047,12614.55957
0,2017-12-04,12685.78027,12634.88965
0,2017-12-05,12635.71973,12567.16016
0,2017-12-06,12550.16992,12532.42969
0,2017-12-07,12517.66992,12568.98047
0,2017-12-08,12605.0,12643.05957
0,2017-12-11,12653.09961,12668.21973
0,2017-12-12,12680.7002,12697.78027
0,2017-12-13,12709.05957,12699.48047
0,2017-12-14,12706.78027,12629.07031
0,2017-12-15,12650.08008,12699.67969
0,2017-12-18,12760.53027,12785.82031
0,2017-12-19,12803.17969,12747.54004
0,2017-12-20,12782.55957,12747.54981
0,2017-12-21,12771.20996,12800.20996
0,2017-12-22,12803.98047,12797.44043
0,2017-12-26,12794.12988,12808.90039
0,2017-12-27,12808.90039,12821.99023
0,2017-12-28,12839.54004,12853.08984
0,2017-12-29,12878.34961,12808.83984
0,2018-01-02,12860.92969,12902.71973
0,2018-01-03,12910.62988,12957.28027
0,2018-01-04,12999.53027,13028.45996
0,2018-01-05,13066.37012,13103.23047
0,2018-01-08,13096.65039,13114.34961
0,2018-01-09,13123.83008,13120.83984
0,2018-01-10,13108.23047,13106.59961
0,2018-01-11,13106.59961,13210.76953
0,2018-01-12,13240.95996,13294.32031
0,2018-01-16,13343.82031,13246.86035
0,2018-01-17,13282.48047,13352.38965
0,2018-01-18,13341.75977,13315.91016
0,2018-01-19,13342.95996,13384.45996
0,2018-01-22,13388.32031,13470.37012
0,2018-01-23,13461.87012,13474.11035
0,2018-01-24,13520.07031,13507.66016
0,2018-01-25,13548.87012,13512.66016
0,2018-01-26,13547.28027,13637.01953
0,2018-01-29,13592.79981,13524.65039
0,2018-01-30,13441.24023,13375.50977
0,2018-01-31,13416.83008,13367.95996
0,2018-02-01,13338.99023,13381.96973
0,2018-02-02,13294.34961,13085.34961
0,2018-02-05,12974.19043,12572.92969
0,2018-02-06,12386.83984,12745.4502
0,2018-02-07,12696.9502,12687.17969
0,2018-02-08,12701.87988,12270.65039
0,2018-02-09,12364.30957,12405.82031
0,2018-02-12,12496.34961,12560.12012
0,2018-02-13,12512.29981,12574.37012
0,2018-02-14,12515.49023,12746.71973
0,2018-02-15,12817.17969,12856.87012
0,2018-02-16,12826.90039,12874.36035
0,2018-02-20,12817.13965,12763.33984
0,2018-02-21,12777.36035,12695.53027
0,2018-02-22,12732.82031,12711.75
0,2018-02-23,12766.12988,12884.11035
0,2018-02-26,12922.16016,12999.62012
0,2018-02-27,12986.94043,12819.21973
0,2018-02-28,12852.11035,12652.54981
0,2018-03-01,12644.42969,12518.73047
0,2018-03-02,12444.65039,12557.99023
0,2018-03-05,12498.4502,12680.73047
0,2018-03-06,12722.30957,12720.76953
0,2018-03-07,12634.04004,12707.00977
0,2018-03-08,12725.16016,12745.00977
0,2018-03-09,12802.13965,12918.82031
0,2018-03-12,12930.42969,12898.40039
0,2018-03-13,12938.5,12831.75
0,2018-03-14,12874.51953,12762.66992
0,2018-03-15,12788.16016,12743.61035
0,2018-03-16,12752.69043,12784.38965
0,2018-03-19,12755.54981,12651.45996
0,2018-03-20,12663.25,12663.63965
0,2018-03-21,12663.66016,12683.75977
0,2018-03-22,12574.16016,12377.38965
0,2018-03-23,12413.61035,12177.7002
0,2018-03-26,12327.05957,12433.15039
0,2018-03-27,12466.38965,12302.54004
0,2018-03-28,12325.29004,12308.90039
0,2018-03-29,12356.19043,12452.05957
0,2018-04-02,12432.88965,12216.70996
0,2018-04-03,12274.25977,12367.07031
0,2018-04-04,12218.91016,12466.4502
0,2018-04-05,12512.41992,12571.94043
0,2018-04-06,12511.59961,12349.11035
0,2018-04-09,12412.94043,12380.54981
0,2018-04-10,12380.55957,12565.96973
0,2018-04-11,12509.38965,12514.58984
0,2018-04-12,12558.98047,12580.21973
0,2018-04-13,12580.21973,12546.04981
0,2018-04-16,12601.40039,12628.20996
0,2018-04-17,12680.38965,12705.75977
0,2018-04-18,12737.12988,12732.84961
0,2018-04-19,12714.61035,12671.48047
0,2018-04-20,12670.91992,12607.16016
0,2018-04-23,12618.07031,12610.76953
0,2018-04-24,12659.92969,12514.0
0,2018-04-25,12491.42969,12517.86035
0,2018-04-26,12539.65039,12582.90039
0,2018-04-27,12567.66992,12594.01953
0,2018-04-30,12615.34961,12515.36035
0,2018-05-01,12490.24023,12493.01953
0,2018-05-02,12486.11035,12418.05957
0,2018-05-03,12395.46973,12392.5
0,2018-05-04,12335.41016,12493.34961
0,2018-05-07,12493.34961,12519.75
0,2018-05-08,12498.16016,12520.24023
0,2018-05-09,12565.23047,12632.49023
0,2018-05-10,12660.23047,12731.63965
0,2018-05-11,12748.91016,12761.82031
0,2018-05-14,12791.88965,12772.03027
0,2018-05-15,12711.87988,12704.62988
0,2018-05-16,12710.62988,12743.79981
0,2018-05-17,12741.54004,12747.83008
0,2018-05-18,12735.11035,12717.41992
0,2018-05-21,12771.57031,12804.00977
0,2018-05-22,12832.16992,12766.65039
0,2018-05-23,12701.58008,12743.40039
0,2018-05-24,12715.29981,12696.69043
0,2018-05-25,12646.58008,12634.94043
0,2018-05-29,12516.54981,12442.69043
0,2018-05-30,12514.33008,12625.87012
0,2018-05-31,12606.24023,12527.13965
0,2018-06-01,12596.67969,12620.83008
0,2018-06-04,12620.83008,12673.91016
0,2018-06-05,12673.91016,12658.7002
0,2018-06-06,12696.53027,12778.23047
0,2018-06-07,12797.92969,12788.5
0,2018-06-08,12778.21973,12832.07031
0,2018-06-11,12845.08008,12856.95996
0,2018-06-12,12861.66016,12844.70996
0,2018-06-13,12856.15039,12785.4502
0,2018-06-14,12812.12988,12771.9502
0,2018-06-15,12727.38965,12734.63965
0,2018-06-18,12660.66992,12708.62988
0,2018-06-19,12708.62988,12638.98047
0,2018-06-20,12676.37012,12648.74023
0,2018-06-21,12620.40039,12560.23047
0,2018-06-22,12653.33984,12639.57031
0,2018-06-25,12584.9502,12481.59961
0,2018-06-26,12501.33984,12510.54981
0,2018-06-27,12528.44043,12412.07031
0,2018-06-28,12412.19043,12475.98047
0,2018-06-29,12537.19043,12504.25
0,2018-07-02,12430.7002,12485.58008
0,2018-07-03,12542.33008,12494.7002
0,2018-07-05,12553.78027,12585.20996
0,2018-07-06,12578.86035,12664.87988
0,2018-07-09,12712.33008,12776.91992
0,2018-07-10,12795.45996,12814.63965
0,2018-07-11,12737.96973,12681.58984
0,2018-07-12,12746.71973,12761.45996
0,2018-07-13,12744.79981,12769.5
0,2018-07-16,12758.51953,12748.78027
0,2018-07-17,12731.48047,12779.21973
0,2018-07-18,12786.25977,12823.23047
0,2018-07-19,12786.37012,12786.48047
0,2018-07-20,12778.21973,12789.91016
0,2018-07-23,12788.5,12794.04981
0,2018-07-24,12836.62988,12847.49023
0,2018-07-25,12836.36035,12933.62988
0,2018-07-26,12929.79004,12953.38965
0,2018-07-27,12967.37988,12921.33984
0,2018-07-30,12936.78027,12903.42969
0,2018-07-31,12903.42969,12963.28027
0,2018-08-01,12949.84961,12902.38965
0,2018-08-02,12818.58984,12898.07031
0,2018-08-03,12893.91992,12953.33984
0,2018-08-06,12939.76953,12964.26953
0,2018-08-07,13011.29981,12999.58984
0,2018-08-08,12995.91992,12987.91016
0,2018-08-09,12983.25,12956.66016
0,2018-08-10,12868.09961,12843.49023
0,2018-08-13,12836.65039,12763.66016
0,2018-08-14,12791.9502,12835.30957
0,2018-08-15,12752.5,12723.08984
0,2018-08-16,12784.75977,12841.28027
0,2018-08-17,12839.71973,12908.25977
0,2018-08-20,12930.15039,12965.09961
0,2018-08-21,12998.04004,12996.75977
0,2018-08-22,13007.57031,12990.50977
0,2018-08-23,12978.58984,12933.45996
0,2018-08-24,12968.82031,12999.44043
0,2018-08-27,13043.42969,13102.03027
0,2018-08-28,13125.33984,13084.79981
0,2018-08-29,13098.84961,13132.16016
0,2018-08-30,13094.78027,13039.92969
0,2018-08-31,13007.37012,13016.88965
0,2018-09-04,12976.04981,12969.86035
0,2018-09-05,12944.04981,12968.54981
0,2018-09-06,12960.20996,12938.91016
0,2018-09-07,12898.38965,12911.12012
0,2018-09-10,12952.08984,12928.66992
0,2018-09-11,12896.76953,12952.29981
0,2018-09-12,12952.30957,12990.09961
0,2018-09-13,13022.62988,13034.61035
0,2018-09-14,13042.37988,13050.51953
0,2018-09-17,13059.23047,13031.91016
0,2018-09-18,13044.92969,13091.98047
0,2018-09-19,13105.12988,13121.96973
0,2018-09-20,13183.66016,13225.11035
0,2018-09-21,13243.41992,13236.44043
0,2018-09-24,13235.20996,13162.04981
0,2018-09-25,13203.90039,13160.59961
0,2018-09-26,13164.82031,13101.95996
0,2018-09-27,13111.99023,13105.71973
0,2018-09-28,13071.40039,13082.51953
0,2018-10-01,13146.29981,13125.34961
0,2018-10-02,13108.74023,13106.00977
0,2018-10-03,13146.67969,13118.54981
0,2018-10-04,13089.23047,13042.29981
0,2018-10-05,13043.46973,12991.9502
0,2018-10-08,12955.69043,13000.13965
0,2018-10-09,12970.17969,12960.4502
0,2018-10-10,12952.12012,12622.12988
0,2018-10-11,12574.58984,12349.53027
0,2018-10-12,12485.24023,12439.41992
0,2018-10-15,12437.74023,12425.67969
0,2018-10-16,12425.67969,12645.9502
0,2018-10-17,12612.17969,12613.04981
0,2018-10-18,12570.66016,12445.48047
0,2018-10-19,12469.7002,12457.26953
0,2018-10-22,12474.15039,12374.75977
0,2018-10-23,12234.99023,12287.44043
0,2018-10-24,12274.37988,11969.74023
0,2018-10-25,12023.5,12118.84961
0,2018-10-26,12006.75977,11976.9502
0,2018-10-29,12084.49023,11942.50977
0,2018-10-30,11961.59961,12129.94043
0,2018-10-31,12198.65039,12208.05957
0,2018-11-01,12208.05957,12356.5
0,2018-11-02,12410.73047,12321.79981
0,2018-11-05,12381.69043,12424.30957
0,2018-11-06,12413.34961,12480.05957
0,2018-11-07,12582.57031,12679.09961
0,2018-11-08,12644.58008,12622.04004
0,2018-11-09,12566.33008,12537.53027
0,2018-11-12,12517.73047,12343.50977
0,2018-11-13,12365.25977,12328.29981
0,2018-11-14,12398.92969,12275.49023
0,2018-11-15,12194.69043,12361.51953
0,2018-11-16,12329.42969,12400.28027
0,2018-11-19,12388.11035,12280.91016
0,2018-11-20,12150.2002,12048.66016
0,2018-11-21,12108.71973,12123.33984
0,2018-11-23,12034.67969,12036.24023
0,2018-11-26,12111.2002,12181.59961
0,2018-11-27,12137.87988,12188.07031
0,2018-11-28,12225.73047,12417.62988
0,2018-11-29,12384.98047,12389.37012
0,2018-11-30,12373.0,12457.54981
0,2018-12-03,12609.7002,12577.54004
0,2018-12-04,12555.01953,12221.98047
0,2018-12-06,12032.49023,12144.41016
0,2018-12-07,12156.83008,11941.92969
0,2018-12-10,11922.71973,11889.29004
0,2018-12-11,11982.78027,11860.65039
0,2018-12-12,12008.58984,11943.29004
0,2018-12-13,11985.78027,11936.16016
0,2018-12-14,11845.36035,11755.37988
0,2018-12-17,11712.80957,11532.12012
0,2018-12-18,11601.00977,11502.16016
0,2018-12-19,11540.17969,11371.83984
0,2018-12-20,11342.94043,11222.79004
0,2018-12-21,11198.88965,11036.83984
0,2018-12-24,10976.23047,10769.83008
0,2018-12-26,10801.46973,11204.08984
0,2018-12-27,11081.87012,11285.30957
0,2018-12-28,11343.86035,11290.9502
0,2018-12-31,11338.24023,11374.38965
0,2019-01-02,11238.76953,11383.53027
0,2019-01-03,11343.79004,11190.44043
0,2019-01-04,11323.73047,11533.33984
0,2019-01-07,11536.04981,11605.95996
0,2019-01-08,11702.5,11716.23047
0,2019-01-09,11758.03027,11778.41992
0,2019-01-10,11731.54981,11839.30957
0,2019-01-11,11806.75,11848.00977
0,2019-01-14,11767.53027,11799.11035
0,2019-01-15,11798.03027,11868.67969
0,2019-01-16,11884.96973,11907.61035
0,2019-01-17,11873.82031,11994.54004
0,2019-01-18,12070.90039,12151.76953
0,2019-01-22,12075.40039,11999.37012
0,2019-01-23,12044.54981,12020.92969
0,2019-01-24,12006.19043,12029.4502
0,2019-01-25,12106.38965,12127.25
0,2019-01-28,12040.66016,12065.11035
0,2019-01-29,12080.41992,12090.78027
0,2019-01-30,12130.00977,12222.38965
0,2019-01-31,12222.99023,12299.03027
0,2019-02-01,12312.25977,12329.69043
0,2019-02-04,12315.49023,12381.83008
0,2019-02-05,12409.04004,12428.25977
0,2019-02-06,12405.42969,12398.66992
0,2019-02-07,12345.54981,12295.21973
0,2019-02-08,12252.87012,12292.13965
0,2019-02-11,12304.79981,12297.90039
0,2019-02-12,12366.33984,12438.44043
0,2019-02-13,12462.91992,12474.88965
0,2019-02-14,12422.24023,12440.21973
0,2019-02-15,12503.48047,12603.46973
0,2019-02-19,12567.67969,12628.36035
0,2019-02-20,12627.61035,12673.66016
0,2019-02-21,12644.04981,12621.76953
0,2019-02-22,12654.38965,12694.51953
0,2019-02-25,12746.41016,12700.19043
0,2019-02-26,12685.32031,12686.55957
0,2019-02-27,12680.91992,12689.87012
0,2019-02-28,12671.23047,12644.80957
0,2019-03-01,12698.23047,12700.66992
0,2019-03-04,12728.95996,12637.26953
0,2019-03-05,12638.19043,12624.46973
0,2019-03-06,12622.49023,12538.0
0,2019-03-07,12513.51953,12443.42969
0,2019-03-08,12364.69043,12415.12988
0,2019-03-11,12429.88965,12561.25977
0,2019-03-12,12576.75977,12582.80957
0,2019-03-13,12621.69043,12674.25977
0,2019-03-14,12668.78027,12660.16016
0,2019-03-15,12679.08008,12715.76953
0,2019-03-18,12732.26953,12781.41016
0,2019-03-19,12826.12012,12760.79004
0,2019-03-20,12749.61035,12700.25
0,2019-03-21,12658.96973,12782.54004
0,2019-03-22,12709.26953,12539.41016
0,2019-03-25,12526.49023,12535.67969
0,2019-03-26,12598.4502,12641.36035
0,2019-03-27,12635.25,12591.71973
0,2019-03-28,12601.20996,12632.58008
0,2019-03-29,12691.76953,12696.87988
0,2019-04-01,12775.83984,12836.03027
0,2019-04-02,12840.44043,12819.04981
0,2019-04-03,12819.05957,12833.59961
0,2019-04-04,12833.32031,12868.74023
0,2019-04-05,12889.37012,12927.71973
0,2019-04-08,12927.73047,12943.33984
0,2019-04-09,12892.04981,12849.70996
0,2019-04-10,12867.33984,12887.36035
0,2019-04-11,12892.62012,12887.12012
0,2019-04-12,12955.66016,12969.54004
0,2019-04-15,12979.26953,12956.67969
0,2019-04-16,12986.29981,12952.24023
0,2019-04-17,12984.33008,12907.11035
0,2019-04-18,12912.17969,12922.70996
0,2019-04-22,12900.41016,12914.28027
0,2019-04-23,12916.66992,12993.84961
0,2019-04-24,12993.86035,12951.62988
0,2019-04-25,12907.08008,12912.95996
0,2019-04-26,12923.66016,12991.2002
0,2019-04-29,12992.73047,13008.05957
0,2019-04-30,13027.50977,13060.65039
0,2019-05-01,13066.08008,12946.12988
0,2019-05-02,12939.04004,12929.55957
0,2019-05-03,12977.32031,13037.87988
0,2019-05-06,13037.87988,12976.66992
0,2019-05-07,12883.05957,12778.5
0,2019-05-08,12766.96973,12766.69043
0,2019-05-09,12673.62012,12731.34961
0,2019-05-10,12702.07031,12788.13965
0,2019-05-13,12617.21973,12526.70996
0,2019-05-14,12560.99023,12620.0
0,2019-05-15,12559.66016,12652.29004
0,2019-05-16,12676.04981,12738.36035
0,2019-05-17,12652.38965,12657.62988
0,2019-05-20,12615.66992,12616.79981
0,2019-05-21,12668.33008,12720.71973
0,2019-05-22,12682.51953,12671.99023
0,2019-05-23,12569.33984,12525.0
0,2019-05-24,12595.54004,12581.36035
0,2019-05-28,12597.70996,12465.90039
0,2019-05-29,12398.24023,12386.20996
0,2019-05-30,12402.54004,12393.66016
0,2019-05-31,12280.78027,12264.49023
0,2019-06-03,12288.50977,12341.82031
0,2019-06-04,12341.82031,12560.58008
0,2019-06-05,12607.34961,12614.7002
0,2019-06-06,12631.08984,12675.66016
0,2019-06-07,12725.37988,12765.86035
0,2019-06-10,12821.49023,12802.03027
0,2019-06-11,12867.16992,12813.91016
0,2019-06-12,12797.86035,12784.83008
0,2019-06-13,12816.42969,12827.50977
0,2019-06-14,12808.88965,12787.24023
0,2019-06-17,12789.67969,12775.51953
0,2019-06-18,12837.46973,12907.45996
0,2019-06-19,12924.26953,12954.08008
0,2019-06-20,12954.08008,13081.54004
0,2019-06-21,13068.36035,13047.24023
0,2019-06-24,13047.24023,13019.98047
0,2019-06-25,13019.98047,12936.65039
0,2019-06-26,12936.65039,12912.00977
0,2019-06-27,12912.05957,12965.32031
0,2019-06-28,12965.54981,13049.70996
0,2019-07-01,13049.70996,13127.69043
0,2019-07-02,13127.69043,13152.54981
0,2019-07-03,13152.54981,13239.87012
0,2019-07-05,13231.79981,13210.91016
0,2019-07-08,13210.87012,13147.21973
0,2019-07-09,13147.20996,13136.88965
0,2019-07-10,13137.95996,13173.25977
0,2019-07-11,13173.25977,13198.71973
0,2019-07-12,13199.84961,13234.75977
0,2019-07-15,13234.75977,13233.38965
0,2019-07-16,13232.95996,13195.19043
0,2019-07-17,13195.19043,13119.96973
0,2019-07-18,13109.29004,13168.7002
0,2019-07-19,13168.7002,13111.99023
0,2019-07-22,13111.99023,13109.76953
0,2019-07-23,13109.90039,13197.51953
0,2019-07-24,13172.54981,13234.92969
0,2019-07-25,13234.92969,13169.29004
0,2019-07-26,13169.29004,13235.5
0,2019-07-29,13235.49023,13222.61035
0,2019-07-30,13222.75977,13187.20996
0,2019-07-31,13187.20996,13066.59961
0,2019-08-01,13053.66016,12920.82031
0,2019-08-02,12885.32031,12839.50977
0,2019-08-05,12666.29981,12497.30957
0,2019-08-06,12564.88965,12628.13965
0,2019-08-07,12627.55957,12632.95996
0,2019-08-08,12685.71973,12828.82031
0,2019-08-09,12793.24023,12748.41992
0,2019-08-12,12688.78027,12586.24023
0,2019-08-13,12589.76953,12724.36035
0,2019-08-14,12641.29004,12368.04981
0,2019-08-15,12386.25,12409.54004
0,2019-08-16,12442.23047,12580.41016
0,2019-08-19,12687.83008,12687.91016
0,2019-08-20,12687.91016,12599.41016
0,2019-08-21,12691.75977,12697.00977
0,2019-08-22,12724.20996,12688.45996
0,2019-08-23,12643.94043,12416.4502
0,2019-08-26,12430.73047,12519.62012
0,2019-08-27,12562.04004,12474.04981
0,2019-08-28,12467.37012,12559.23047
0,2019-08-29,12657.21973,12704.03027
0,2019-08-30,12740.16016,12736.87988
0,2019-09-03,12720.19043,12663.40039
0,2019-09-04,12757.25,12796.32031
0,2019-09-05,12796.32031,12917.75977
0,2019-09-06,12933.50977,12933.37988
0,2019-09-09,12975.01953,12960.71973
0,2019-09-10,12954.29004,12993.95996
0,2019-09-11,13008.33008,13082.41016
0,2019-09-12,13096.23047,13116.04981
0,2019-09-13,13150.79981,13124.33984
0,2019-09-16,13134.0,13107.98047
0,2019-09-17,13087.87012,13131.41016
0,2019-09-18,13109.62988,13119.30957
0,2019-09-19,13121.20996,13111.25
0,2019-09-20,13148.41016,13093.79981
0,2019-09-23,13084.80957,13085.33008
0,2019-09-24,13087.74023,12992.25977
0,2019-09-25,12991.09961,13037.61035
0,2019-09-26,13042.2002,13028.74023
0,2019-09-27,13053.2002,12971.98047
0,2019-09-30,12988.88965,13004.74023
0,2019-10-01,13002.33008,12835.34961
0,2019-10-02,12742.08984,12608.42969
0,2019-10-03,12587.32031,12685.76953
0,2019-10-04,12689.92969,12831.54981
0,2019-10-07,12816.24023,12777.74023
0,2019-10-08,12734.54981,12590.91016
0,2019-10-09,12622.48047,12691.16016
0,2019-10-10,12688.58008,12766.0
0,2019-10-11,12766.0,12926.91992
0,2019-10-14,12923.48047,12896.21973
0,2019-10-15,12897.03027,13006.04004
0,2019-10-16,12997.45996,12994.88965
0,2019-10-17,13030.50977,13039.23047
0,2019-10-18,13032.46973,13006.63965
0,2019-10-21,13019.25,13088.61035
0,2019-10-22,13097.03027,13071.86035
0,2019-10-23,13076.37988,13114.38965
0,2019-10-24,13119.65039,13118.90039
0,2019-10-25,13106.20996,13146.24023
0,2019-10-28,13183.90039,13186.42969
0,2019-10-29,13170.90039,13209.62988
0,2019-10-30,13215.87012,13244.00977
0,2019-10-31,13239.42969,13171.80957
0,2019-11-01,13231.17969,13300.26953
0,2019-11-04,13321.17969,13355.44043
0,2019-11-05,13368.24023,13339.58984
0,2019-11-06,13339.83984,13351.57031
0,2019-11-07,13376.92969,13395.54981
0,2019-11-08,13376.33984,13407.79981
0,2019-11-11,13347.29981,13388.12012
0,2019-11-12,13391.96973,13387.62012
0,2019-11-13,13387.62012,13385.04981
0,2019-11-14,13385.04981,13392.0
0,2019-11-15,13432.75977,13492.95996
0,2019-11-18,13488.48047,13483.80957
0,2019-11-19,13489.78027,13466.34961
0,2019-11-20,13460.33984,13419.29981
0,2019-11-21,13420.33008,13406.41992
0,2019-11-22,13412.26953,13440.9502
0,2019-11-25,13471.51953,13532.88965
0,2019-11-26,13532.55957,13559.70996
0,2019-11-27,13577.51953,13607.62012
0,2019-11-29,13595.86035,13545.20996
0,2019-12-02,13554.29004,13448.25977
0,2019-12-03,13363.66016,13366.08984
0,2019-12-04,13408.08008,13457.96973
0,2019-12-05,13466.73047,13482.29981
0,2019-12-06,13515.48047,13588.29004
0,2019-12-09,13570.54004,13555.07031
0,2019-12-10,13551.0,13545.30957
0,2019-12-11,13554.08984,13579.91992
0,2019-12-12,13587.7002,13697.41016
0,2019-12-13,13711.25,13697.33984
0,2019-12-16,13781.65039,13795.15039
0,2019-12-17,13795.15039,13795.34961
0,2019-12-18,13805.2002,13799.20996
0,2019-12-19,13801.73047,13831.66992
0,2019-12-20,13831.66992,13889.25
0,2019-12-23,13906.87012,13899.99023
0,2019-12-24,13902.95996,13895.13965
0,2019-12-26,13911.16016,13940.41992
0,2019-12-27,13976.84961,13944.13965
0,2019-12-30,13951.25977,13876.15039
0,2019-12-31,13852.59961,13913.03027
0,2020-01-02,13913.03027,14002.49023
0,2020-01-03,13877.48047,13917.04981
0,2020-01-06,13856.71973,13941.79981
0,2020-01-07,13911.19043,13898.4502
0,2020-01-08,13897.00977,13934.44043
0,2020-01-09,13974.07031,13997.65039
0,2020-01-10,14018.12012,13957.96973
0,2020-01-13,13980.46973,14042.65039
0,2020-01-14,14024.23047,14037.12988
0,2020-01-15,14022.29981,14053.23047
0,2020-01-16,14103.53027,14141.78027
0,2020-01-17,14168.13965,14183.2002
0,2020-01-21,14126.12012,14109.98047
0,2020-01-22,14147.88965,14110.24023
0,2020-01-23,14064.28027,14102.04004
0,2020-01-24,14120.01953,13978.46973
0,2020-01-27,13746.62988,13769.59961
0,2020-01-28,13812.65039,13877.61035
0,2020-01-29,13912.79004,13843.80957
0,2020-01-30,13745.2002,13861.91992
0,2020-01-31,13783.80957,13614.09961
0,2020-02-03,13655.88965,13677.91992
0,2020-02-04,13826.09961,13862.83984
0,2020-02-05,13964.0,14024.86035
0,2020-02-06,14066.90039,14034.9502
0,2020-02-07,13987.50977,13931.92969
0,2020-02-10,13904.01953,13984.48047
0,2020-02-11,13984.48047,14054.08008
0,2020-02-12,14117.83008,14136.98047
0,2020-02-13,14069.25,14099.04004
0,2020-02-14,14104.76953,14097.33984
0,2020-02-18,14047.91016,14039.00977
0,2020-02-19,14077.50977,14087.12988
0,2020-02-20,14061.04004,14061.48047
0,2020-02-21,14014.62988,13975.78027
0,2020-02-24,13654.0,13534.12012
0,2020-02-25,13570.20996,13143.73047
0,2020-02-26,13194.30957,13046.62012
0,2020-02-27,12841.40039,12547.25
0,2020-02-28,12547.25,12380.96973
0,2020-03-02,12441.42969,12827.99023
0,2020-03-03,12845.05957,12542.74023
0,2020-03-04,12696.61035,13009.95996
0,2020-03-05,12740.86035,12593.03027
0,2020-03-06,12593.03027,12352.03027
0,2020-03-09,11748.61035,11298.42969
0,2020-03-10,11635.21973,11793.26953
0,2020-03-11,11523.94043,11177.29004
0,2020-03-12,10466.7002,10060.75977
0,2020-03-13,10445.44043,10851.74023
0,2020-03-16,10851.98047,9567.530273
0,2020-03-17,9726.179688,10063.36035
0,2020-03-18,9562.490234,9384.599609
0,2020-03-19,9313.759766,9461.30957
0,2020-03-20,9577.900391,9133.160156
0,2020-03-23,9014.580078,8777.379883
0,2020-03-24,9276.639648,9658.320313
0,2020-03-25,9749.799805,9961.379883
0,2020-03-26,10060.48047,10536.28027
0,2020-03-27,10135.73047,10187.20996
0,2020-03-30,10238.12988,10434.74023
0,2020-03-31,10387.73047,10301.87012
0,2020-04-01,9917.30957,9844.849609
0,2020-04-02,9815.269531,10062.37012
0,2020-04-03,10012.46973,9880.629883
0,2020-04-06,10264.12988,10515.24023
0,2020-04-07,10894.2002,10537.04004
0,2020-04-08,10641.50977,10902.58984
0,2020-04-09,11070.32031,11136.61035
0,2020-04-13,11136.61035,10949.53027
0,2020-04-14,11151.16016,11172.2002
0,2020-04-15,10861.96973,10843.91992
0,2020-04-16,10882.83008,10818.03027
0,2020-04-17,11101.32031,11208.29004
0,2020-04-20,11016.87988,11003.87988
0,2020-04-21,10763.66992,10706.44043
0,2020-04-22,10919.96973,10908.55957
0,2020-04-23,10961.24023,10916.67969
0,2020-04-24,11000.7002,11017.90039
0,2020-04-27,11106.03027,11264.83984
0,2020-04-28,11462.37988,11319.7002
0,2020-04-29,11546.40039,11618.23047
0,2020-04-30,11473.23047,11372.33984
0,2020-05-01,11158.87012,11058.57031
0,2020-05-04,10965.76953,11056.28027
0,2020-05-05,11188.96973,11135.40039
0,2020-05-06,11196.87012,10999.99023
0,2020-05-07,11140.92969,11121.66992
0,2020-05-08,11281.29981,11354.33984
0,2020-05-11,11244.25,11281.37012
0,2020-05-12,11332.41992,11055.58008
0,2020-05-13,11035.23047,10829.44043
0,2020-05-14,10661.92969,10927.41016
0,2020-05-15,10927.41016,10947.32031
0,2020-05-18,11282.88965,11402.23047
0,2020-05-19,11374.23047,11248.96973
0,2020-05-20,11408.61035,11420.04004
0,2020-05-21,11393.91992,11351.59961
0,2020-05-22,11325.08008,11331.96973
0,2020-05-26,11636.54004,11603.0
0,2020-05-27,11787.55957,11837.53027
0,2020-05-28,11935.87988,11804.91016
0,2020-05-29,11750.96973,11802.9502
0,2020-06-01,11799.91992,11900.24023
0,2020-06-02,11900.24023,12046.41016
0,2020-06-03,12175.05957,12302.19043
0,2020-06-04,12236.74023,12286.98047
0,2020-06-05,12640.98047,12641.44043
0,2020-06-08,12734.54004,12836.59961
0,2020-06-09,12635.59961,12619.51953
0,2020-06-10,12616.62988,12449.21973
0,2020-06-11,12090.12988,11659.16992
0,2020-06-12,11999.48047,11867.16992
0,2020-06-15,11565.82031,11942.91016
0,2020-06-16,12304.13965,12161.46973
0,2020-06-17,12193.41016,12086.49023
0,2020-06-18,11994.45996,12072.58984
0,2020-06-19,12240.30957,11980.12012
0,2020-06-22,11963.29981,12028.91016
0,2020-06-23,12157.37012,12077.74023
0,2020-06-24,11956.29004,11726.54004
0,2020-06-25,11680.38965,11865.11035
0,2020-06-26,11796.40039,11604.42969
0,2020-06-29,11683.07031,11777.08008
0,2020-06-30,11736.75,11893.78027
0,2020-07-01,11907.83008,11901.54981
0,2020-07-02,12088.7002,11991.51953
0,2020-07-06,12181.29004,12160.00977
0,2020-07-07,12056.20996,11990.13965
0,2020-07-08,12023.57031,12086.38965
0,2020-07-09,12089.24023,11928.62988
0,2020-07-10,11935.29981,12075.58008
0,2020-07-13,12159.75,12014.66992
0,2020-07-14,11989.41016,12014.66992
0,2020-07-15,12377.65039,12391.32031
0,2020-07-16,12310.17969,12350.11035
0,2020-07-17,12395.75977,12402.74023
0,2020-07-20,12413.15039,12392.98047
0,2020-07-21,12492.08008,12508.67969
0,2020-07-22,12508.67969,12569.07031
0,2020-07-23,12567.16992,12510.87012
0,2020-07-24,12488.67969,12461.78027
0,2020-07-27,12481.00977,12553.12988
0,2020-07-28,12515.83984,12491.21973
0,2020-07-29,12533.45996,12669.62012
0,2020-07-30,12491.45996,12533.28027
0,2020-07-31,12509.33008,12465.04981
0,2020-08-03,12513.20996,12536.80957
0,2020-08-04,12548.92969,12612.11035
0,2020-08-05,12612.08984,12731.54981
0,2020-08-06,12702.87988,12729.16992
0,2020-08-07,12655.7002,12765.83984
0,2020-08-10,12797.78027,12844.01953
0,2020-08-11,12996.42969,12849.42969
0,2020-08-12,12984.90039,12974.83008
0,2020-08-13,12914.7002,12919.15039
0,2020-08-14,12864.74023,12902.5
0,2020-08-17,12942.30957,12936.11035
0,2020-08-18,12967.94043,12910.33008
0,2020-08-19,12931.08008,12859.87988
0,2020-08-20,12751.29004,12812.86035
0,2020-08-21,12782.05957,12809.07031
0,2020-08-24,12904.9502,12972.87988
0,2020-08-25,13029.90039,13001.99023
0,2020-08-26,13006.17969,13042.54004
0,2020-08-27,13066.15039,13068.80957
0,2020-08-28,13115.37012,13170.95996
0,2020-08-31,13134.38965,13045.59961
0,2020-09-01,13032.04004,13113.74023
0,2020-09-02,13132.70996,13276.74023
0,2020-09-03,13253.79981,12966.13965
0,2020-09-04,13022.46973,12966.13965
0,2020-09-08,12777.54981,12688.07031
0,2020-09-09,12806.24023,12885.79981
0,2020-09-10,12924.5,12706.69043
0,2020-09-11,12779.98047,12773.04004
0,2020-09-14,12868.30957,12932.69043
0,2020-09-15,13010.96973,12967.17969
0,2020-09-16,13013.45996,12997.86035
0,2020-09-17,12866.16992,12948.4502
0,2020-09-18,12937.59961,12833.57031
0,2020-09-21,12617.4502,12833.57031
0,2020-09-22,12575.19043,12602.54004
0,2020-09-23,12630.53027,12359.16016
0,2020-09-24,12314.58008,12365.54004
0,2020-09-25,12293.88965,12485.37988
0,2020-09-28,12650.04981,12677.54004
0,2020-09-29,12660.92969,12602.63965
0,2020-09-30,12643.4502,12701.88965
0,2020-10-01,12759.66016,12726.83984
0,2020-10-02,12554.12012,12749.79004
0,2020-10-05,12842.49023,12949.65039
0,2020-10-06,12995.9502,12837.87988
0,2020-10-07,12950.55957,13042.33008
0,2020-10-08,13116.12988,13190.58008
0,2020-10-09,13256.82031,13252.62012
0,2020-10-12,13289.54981,13324.87012
0,2020-10-13,13271.25,13211.9502
0,2020-10-14,13222.36035,13143.16016
0,2020-10-15,12974.12988,13137.25
0,2020-10-16,13183.61035,13169.32031
0,2020-10-19,13169.32031,13018.50977
0,2020-10-20,13018.50977,13092.16016
0,2020-10-21,13092.16016,13040.12988
0,2020-10-22,13040.12988,13145.91992
0,2020-10-23,13145.91992,13199.86035
0,2020-10-26,13063.79981,12936.38965
0,2020-10-27,12921.25,12817.87012
0,2020-10-28,12575.29004,12415.41992
0,2020-10-29,12409.04004,12502.29004
0,2020-10-30,12448.69043,12429.33008
0,2020-11-02,12573.33984,12662.16992
0,2020-11-03,12781.16992,12877.4502
0,2020-11-04,12916.23047,12978.9502
0,2020-11-05,13125.75,13199.12012
0,2020-11-06,13233.4502,13218.66992
0,2020-11-09,13726.20996,13611.65039
0,2020-11-10,13663.17969,13707.99023
0,2020-11-11,13779.92969,13724.78027
0,2020-11-12,13645.4502,13551.46973
0,2020-11-13,13644.9502,13761.32031
0,2020-11-16,13946.19043,13982.19043
0,2020-11-17,13880.80957,13949.09961
0,2020-11-18,13986.41016,13808.65039
0,2020-11-19,13765.51953,13863.23047
0,2020-11-20,13853.12012,13827.0
0,2020-11-23,13827.0,13998.24023
0,2020-11-24,14158.70996,14249.5
0,2020-11-25,14249.5,14191.58008
0,2020-11-27,14191.58008,14198.5
0,2020-11-30,14140.9502,14006.45996
0,2020-12-01,14183.4502,14146.63965
0,2020-12-02,14104.05957,14188.24023
0,2020-12-03,14210.54004,14217.17969
0,2020-12-04,14299.50977,14417.33008
0,2020-12-07,14375.54981,14354.96973
0,2020-12-08,14304.13965,14402.16992
0,2020-12-09,14466.07031,14374.08008
0,2020-12-10,14310.40039,14394.33984
0,2020-12-11,14332.96973,14355.29004
0,2020-12-14,14445.36035,14214.92969
0,2020-12-15,14303.03027,14402.32031
0,2020-12-16,14426.08008,14408.94043
0,2020-12-17,14488.69043,14516.73047
0,2020-12-18,14525.74023,14467.82031
0,2020-12-21,14257.73047,14378.84961
0,2020-12-22,14368.55957,14321.33984
0,2020-12-23,14397.00977,14398.62012
0,2020-12-24,14398.62012,14382.5
0,2020-12-28,14476.34961,14405.76953
0,2020-12-29,14500.03027,14397.91992
0,2020-12-30,14447.95996,14477.48047
0,2020-12-31,14469.0,14524.79981
0,2021-01-04,14601.4502,14376.7002
0,2021-01-05,14378.7002,14536.53027
0,2021-01-06,14594.48047,14788.83984
0,2021-01-07,14866.91992,14928.75
0,2021-01-08,14990.51953,14966.83008
0,2021-01-11,14828.03027,14937.95996
0,2021-01-12,14970.78027,15010.29004
0,2021-01-13,15017.01953,14983.61035
0,2021-01-14,15063.55957,15044.37988
0,2021-01-15,14949.33984,14894.16992
0,2021-01-19,15026.63965,14987.33984
0,2021-01-20,15067.86035,15097.28027
0,2021-01-21,15102.53027,15019.04981
0,2021-01-22,14895.73047,14951.83984
0,2021-01-25,14951.83984,14935.29004
0,2021-01-26,14935.29004,14867.37012
0,2021-01-27,14867.37012,14487.73047
0,2021-01-28,14487.73047,14669.51953
0,2021-01-29,14669.51953,14397.2002
0,2021-02-01,14397.2002,14596.17969
0,2021-02-02,14596.17969,14768.58008
0,2021-02-03,14768.58008,14839.05957
0,2021-02-04,14839.05957,14975.42969
0,2021-02-05,14975.42969,15069.59961
0,2021-02-08,15069.59961,15226.61035
0,2021-02-09,15226.61035,15244.40039
0,2021-02-10,15244.40039,15273.90039
0,2021-02-11,15273.90039,15297.08984
0,2021-02-12,15297.08984,15369.59961
0,2021-02-16,15370.21973,15423.01953
0,2021-02-17,15423.01953,15402.58984
0,2021-02-18,15402.58984,15290.63965
0,2021-02-19,15290.63965,15362.69043
0,2021-02-22,15362.69043,15340.46973
0,2021-02-23,15340.46973,15359.12988
0,2021-02-24,15359.12988,15539.41992
0,2021-02-25,15539.41992,15206.66992
0,2021-02-26,15206.66992,15010.46973
0,2021-03-01,15010.46973,15327.76953
0,2021-03-02,15327.76953,15277.01953
0,2021-03-03,15277.01953,15199.19043
0,2021-03-04,15199.19043,14959.41016
0,2021-03-05,14959.41016,15251.83008
0,2021-03-08,15251.83008,15288.37988
0,2021-03-09,15288.37988,15375.62988
0,2021-03-10,15375.62988,15521.83984
0,2021-03-11,15521.83984,15648.0
0,2021-03-12,15648.0,15715.20996
0,2021-03-15,15715.20996,15775.5
0,2021-03-16,15775.5,15669.29981
0,2021-03-17,15669.29981,15731.15039
0,2021-03-18,15731.15039,15589.08984
0,2021-03-19,15589.07031,15562.25977
0,2021-03-22,15562.25977,15551.55957
0,2021-03-23,15551.58008,15346.53027
0,2021-03-24,15346.53027,15276.55957
0,2021-03-25,15276.55957,15410.37012
0,2021-03-26,15410.37012,15682.54004
0,2021-03-29,15682.54004,15611.87988
0,2021-03-30,15611.87988,15626.11035
0,2021-03-31,15626.11035,15601.74023
0,2021-04-01,15601.74023,15751.7002
0,2021-04-05,15752.24023,15870.33984
0,2021-04-06,15870.33984,15877.95996
0,2021-04-07,15877.95996,15838.84961
0,2021-04-08,15838.84961,15886.55957
0,2021-04-09,15886.55957,15956.37012
0,2021-04-12,15956.37012,15977.45996
0,2021-04-13,15977.45996,15962.33984
0,2021-04-14,15962.33984,16000.15039
0,2021-04-15,16000.15039,16116.84961
0,2021-04-16,16116.84961,16186.29004
0,2021-04-19,16186.29004,16107.55957
0,2021-04-20,16107.55957,15944.61035
0,2021-04-21,15944.61035,16121.61035
0,2021-04-22,16121.61035,16030.62012
0,2021-04-23,16030.62012,16206.0
0,2021-04-26,16206.0,16241.20996
0,2021-04-27,16241.20996,16273.30957
0,2021-04-28,16273.30957,16322.12988
0,2021-04-29,16322.12988,16376.0
0,2021-04-30,16376.0,16219.33008
0,2021-05-03,16219.33008,16325.24023
0,2021-05-04,16325.24023,16289.26953
0,2021-05-05,16289.26953,16348.41016
0,2021-05-06,16348.41016,16459.59961
0,2021-05-07,16459.59961,16590.42969
0,2021-05-10,16590.42969,16516.83008
0,2021-05-11,16516.83008,16355.62012
0,2021-05-12,16355.62012,16042.96973
0,2021-05-13,16042.96973,16181.62988
0,2021-05-14,16181.62988,16415.35938
0,2021-05-17,16415.35938,16422.96094
0,2021-05-18,16422.96094,16337.73047
0,2021-05-19,16337.73047,16233.32031
0,2021-05-20,16233.32031,16350.4502
0,2021-05-21,16350.4502,16375.0
0,2021-05-24,16375.0,16464.68945
0,2021-05-25,16464.68945,16390.18945
0,2021-05-26,16390.18945,16451.96094
0,2021-05-27,16451.96094,16531.94922
0,2021-05-28,16531.94922,16555.66016